Workbook

Sheet Leia-me
A1: Banco de salas — Vórtice Oculto
A3: Para que serve
A4: As salas do meio da dungeon nao sao escritas na incursao: sao sorteadas daqui.
A5: A cada passo o bot tira 3 salas deste banco e o grupo vota numa.
A6: Cada Organizacao tem o seu banco, entao o tema das salas acompanha quem manda.
A8: Quantas salas escrever
A9: O minimo e 3 (um passo). Uma dungeon longa tem 7 passos, entao
A10: 21 salas cobrem uma run inteira sem repetir nenhuma. Com menos que isso o bot
A11: reembaralha e pode repetir uma sala em passos diferentes — nunca no mesmo passo.
A13: Como usar
A14: 1. Preencha a aba 'Salas'. Uma linha por sala, sala_id unico.
A15: 2. Converta: python tools/importar_banco.py <esta planilha>
... A24: Armadilha, Evento e Tesouro sao resolvidos por teste de pericia.

Sheet Banco
A1: organizacao | B1: Vórtice Oculto
A2: A qual Organizacao este banco pertence. Nao apague esta aba.

Sheet Salas
A1: sala_id | B1: nome | C1: tipo | D1: dificuldade | E1: cd | F1: alvo_progresso | G1: pericias | H1: descricao | I1: imagem | J1: monstro_nome | K1: monstro_quantidade | L1: monstro_ca | M1: monstro_ataque | N1: monstro_dano | O1: monstro_hp | P1: recompensa | Q1: pontos_organizacao
A2: VO01 | B2: Portal Instável | C2: Armadilha | D2: Média | E2: =IF($D2="","",INDEX(Dificuldades!$B$2:$B$4,MATCH($D2,Dificuldades!$A$2:$A$4,0))) | F2: =IF($D2="","",INDEX(Dificuldades!$C$2:$C$4,MATCH($D2,Dificuldades!$A$2:$A$4,0))) | G2: Acrobacia; Arcanismo | H2: Um arco de pedra pulsa e, a cada batida, cospe estilhaços de realidade pelo corredor. Passar exige ler o ritmo — ou ser muito rápido. | P2: Um fragmento de selo para quem passa ileso. | Q2: 1
A3: VO02 | B3: Biblioteca Submersa | C3: Evento | D3: Média | E3: =IF($D3="","",INDEX(Dificuldades!$B$2:$B$4,MATCH($D3,Dificuldades!$A$2:$A$4,0))) | F3: =IF($D3="","",INDEX(Dificuldades!$C$2:$C$4,MATCH($D3,Dificuldades!$A$2:$A$4,0))) | G3: Investigação; Arcanismo; História | H3: Água escura cobre as prateleiras até a altura do peito. Os livros que boiam ainda estão secos, e isso é o mais perturbador da sala. | P3: Revela a CA do próximo inimigo. | Q3: 2
A4: VO03 | B4: Sentinelas de Pedra | C4: Combate | E4: =IF($D4="","",INDEX(Dificuldades!$B$2:$B$4,MATCH($D4,Dificuldades!$A$2:$A$4,0))) | F4: =IF($D4="","",INDEX(Dificuldades!$C$2:$C$4,MATCH($D4,Dificuldades!$A$2:$A$4,0))) | H4: Duas estátuas ladeiam a porta interna. Elas não se mexem enquanto ninguém olha para o que carregam — e o que carregam é o que o grupo veio buscar. | J4: Sentinela de Basalto | K4: 2 | L4: 14 | M4: 5 | N4: 1d10+3 | O4: 26 | Q4: 1
A5: VO04 | B5: Corredor dos Ecos | C5: Armadilha | D5: Difícil | E5: =IF($D5="","",INDEX(Dificuldades!$B$2:$B$4,MATCH($D5,Dificuldades!$A$2:$A$4,0))) | F5: =IF($D5="","",INDEX(Dificuldades!$C$2:$C$4,MATCH($D5,Dificuldades!$A$2:$A$4,0))) | G5: Percepção; Acrobacia; Furtividade | H5: Cada passo volta multiplicado, e junto com o eco vem alguma coisa que anda no contratempo. O chão é feito de placas que afundam sob peso. | Q5: 1
A6: VO05 | B6: Acampamento Abandonado | C6: Descanso | E6: =IF($D6="","",INDEX(Dificuldades!$B$2:$B$4,MATCH($D6,Dificuldades!$A$2:$A$4,0))) | F6: =IF($D6="","",INDEX(Dificuldades!$C$2:$C$4,MATCH($D6,Dificuldades!$A$2:$A$4,0))) | H6: Uma expedição anterior montou barraca aqui e não voltou. As brasas ainda estão mornas, a comida intacta. O grupo descansa — desconfiado, mas descansa. | P6: O grupo recupera o fôlego. | Q6: 0
A7: VO06 | B7: Cofre Selado | C7: Tesouro | D7: Média | E7: =IF($D7="","",INDEX(Dificuldades!$B$2:$B$4,MATCH($D7,Dificuldades!$A$2:$A$4,0))) | F7: =IF($D7="","",INDEX(Dificuldades!$C$2:$C$4,MATCH($D7,Dificuldades!$A$2:$A$4,0))) | G7: Prestidigitação; Arcanismo | H7: Um cofre de ferro fundido, sem fechadura visível, só um sulco em espiral onde deveria estar. Quem entender a espiral leva o que tem dentro. | P7: Materiais raros para quem passar no teste. | Q7: 3
A8: VO07 | B8: Ninho de Aberrações | C8: Combate | E8: =IF($D8="","",INDEX(Dificuldades!$B$2:$B$4,MATCH($D8,Dificuldades!$A$2:$A$4,0))) | F8: =IF($D8="","",INDEX(Dificuldades!$C$2:$C$4,MATCH($D8,Dificuldades!$A$2:$A$4,0))) | H8: O vazamento chegou aqui primeiro. O que nasceu do outro lado do selo aprendeu a usar os corredores — e aprendeu que comida desce por eles. | J8: Cria do Vazio | L8: 15 | M8: 6 | N8: 2d6+2 | O8: 34 | Q8: 2
A9: VO08 | B9: Ritual Interrompido | C9: Evento | D9: Difícil | E9: =IF($D9="","",INDEX(Dificuldades!$B$2:$B$4,MATCH($D9,Dificuldades!$A$2:$A$4,0))) | F9: =IF($D9="","",INDEX(Dificuldades!$C$2:$C$4,MATCH($D9,Dificuldades!$A$2:$A$4,0))) | G9: Religião; Arcanismo; Intuição | H9: Alguém tentou fechar a fenda daqui e parou no meio. As velas ainda queimam. Terminar o ritual enfraquece o que espera adiante; errar acorda o resto. | P9: O chefe começa o confronto final com 10 de HP a menos. | Q9: 2
A10: VO09 | B10: Passagem Estreita | C10: Armadilha | D10: Fácil | E10: =IF($D10="","",INDEX(Dificuldades!$B$2:$B$4,MATCH($D10,Dificuldades!$A$2:$A$4,0))) | F10: =IF($D10="","",INDEX(Dificuldades!$C$2:$C$4,MATCH($D10,Dificuldades!$A$2:$A$4,0))) | G10: Acrobacia; Atletismo; Furtividade | H10: A fenda na parede é apertada e cortante, e alguma coisa já ficou presa aqui antes de o grupo chegar. | Q10: 1
A11: VO10 | B11: Sala dos Espelhos Tortos | C11: Evento | D11: Média | E11: =IF($D11="","",INDEX(Dificuldades!$B$2:$B$4,MATCH($D11,Dificuldades!$A$2:$A$4,0))) | F11: =IF($D11="","",INDEX(Dificuldades!$C$2:$C$4,MATCH($D11,Dificuldades!$A$2:$A$4,0))) | G11: Intuição; Percepção; Enganação | H11: Os reflexos atrasam meio segundo e sorriem quando ninguém sorriu. Um deles aponta para a saída certa. Um deles mente. | P11: Atalho: a próxima sala começa com metade do progresso feito. | Q11: 2
A12: VO11 | B12: Guardião Adormecido | C12: Combate | E12: =IF($D12="","",INDEX(Dificuldades!$B$2:$B$4,MATCH($D12,Dificuldades!$A$2:$A$4,0))) | F12: =IF($D12="","",INDEX(Dificuldades!$C$2:$C$4,MATCH($D12,Dificuldades!$A$2:$A$4,0))) | H12: A coisa ocupa o corredor inteiro e respira devagar, como quem dorme há séculos. Dá para tentar passar em silêncio. Nunca dá certo. | J12: Coisa do Umbral | L12: 16 | M12: 6 | N12: 2d8+3 | O12: 40 | Q12: 2
A13: VO12 | B13: Poço de Oferendas | C13: Tesouro | D13: Difícil | E13: =IF($D13="","",INDEX(Dificuldades!$B$2:$B$4,MATCH($D13,Dificuldades!$A$2:$A$4,0))) | F13: =IF($D13="","",INDEX(Dificuldades!$C$2:$C$4,MATCH($D13,Dificuldades!$A$2:$A$4,0))) | G13: Religião; Investigação | H13: Moedas, dentes e anéis cobrem o fundo raso. Cada objeto foi deixado por alguém pedindo passagem — e a maioria não conseguiu. | P13: Um item mágico menor, a critério do GM. | Q13: 3

Sheet Monstros
A1: sala_id | B1: nome | C1: quantidade | D1: ca | E1: ataque | F1: dano | G1: hp
A2: VO11 | B2: Larva do Umbral | C2: 3 | D2: 12 | E2: 3 | F2: 1d6 | G2: 9

Sheet Dificuldades
A1: dificuldade | B1: cd | C1: alvo_progresso
A2: Fácil | B2: 10 | C2: 5
A3: Média | B3: 15 | C3: 10
A4: Difícil | B4: 20 | C4: 15
A6: Mudar aqui recalcula a CD e o alvo de todas as salas do banco.

Sheet Pericias
A1: perícia | B1: atributo
A2: Acrobacia | B2: Destreza (DES)
A3: Adestrar Animais | B3: Sabedoria (SAB)
A4: Arcanismo | B4: Inteligência (INT)
A5: Atletismo | B5: Força (FOR)
A6: Atuação | B6: Carisma (CAR)
A7: Enganação | B7: Carisma (CAR)
A8: Furtividade | B8: Destreza (DES)
A9: História | B9: Inteligência (INT)
A10: Intimidação | B10: Carisma (CAR)
A11: Intuição | B11: Sabedoria (SAB)
A12: Investigação | B12: Inteligência (INT)
... A19: Sobrevivência | B19: Sabedoria (SAB)
